designacao,grupo
Ala 1,Alas e Ramos
Ala 2,Alas e Ramos
Ala 3,Alas e Ramos
Ala 4,Alas e Ramos
Ala 5,Alas e Ramos
Ala 6,Alas e Ramos
Ramo 1,Alas e Ramos
Sociedade de Socorro,Organizações
Quórum de Élderes,Organizações
Rapazes,Organizações
Moças,Organizações
Primária,Organizações
Escola Dominical,Organizações
Templo e História da Família,Áreas de Responsabilidade
Obra Missionária,Áreas de Responsabilidade
Bem-Estar e Autossuficiência,Áreas de Responsabilidade
Serviço e Atividades,Áreas de Responsabilidade
Seminário e Instituto,Áreas de Responsabilidade
Jovens Adultos Solteiros,Áreas de Responsabilidade
Comunicação,Áreas de Responsabilidade
Música,Áreas de Responsabilidade
Tecnologia,Áreas de Responsabilidade
História da Igreja,Áreas de Responsabilidade
